LOCK_VERSION,name,id
"1,695,031,229,815",Sélectionnez un métier,0
"1,695,031,229,782",Serrurerie,1
"1,695,031,229,747",Menuiserie,2
"1,695,031,229,684",Electricité,3
"1,695,031,229,639","Vitrerie, Miroiterie",4
"1,695,031,229,554",Plomberie,6
"1,695,031,229,512",3D,7
"1,695,031,229,448","Protection, détection de feu",9
"1,695,031,229,389",Elevateur de personne,10
"1,695,031,229,301",Ramonage,12
"1,695,031,229,257","Peinture, revêtement de sols",13
"1,695,031,229,161",Couverture,15
"1,695,031,228,998",Maçonnerie,18
"1,695,031,228,937",Electronique,19
"1,695,031,228,873",Antennes,20
"1,695,031,228,843",Serr. connectées,21
"1,695,031,228,782",Chauffage,22
"1,695,031,228,748",Multi-métiers,23
"1,695,031,228,676",Nettoyage,24
"1,695,031,228,612",Climatisation,25

